Original Project #,Corrected Project #
OT2 NS122680-01,1OT2NS122680-01
1-R01-MH-128904-01,1R01MH128904-01
R01NS120663-01A1,1R01NS120663-01A1
R24 DA055306-01,1R24DA055306-01
1 R34 NS126030-01,1R34NS126030-01
1 R34 NS126032-01,1R34NS126032-01
1 R34 NS126036-01,1R34NS126036-01
1 R43 DA051279-01,1R43DA051279-01
1 R44 DA051272-01,1R44DA051272-01
NS113258-01A1,1R61NS113258-01A1
1 RM1 DA055301-01,1RM1DA055301-01
1 RM1 DA055310-01,1RM1DA055310-01
1 RM1 DA055311-01,1RM1DA055311-01
1 RM1 DA055437-01,1RM1DA055437-01
DA046430-01A1,1U01DA046430-01A1
U01DA051071-01A1,1U01DA051071-01A1
1 U01 DA053806-01A1,1U01DA053806-01A1
1 U01 DA054817-01A1,1U01DA054817-01A1
1 U19 NS126038-01,1U19NS126038-01
1 U24 HD107621-01,1U24HD107621-01
1UG1 HD107580-01,1UG1HD107580-01
1UG1 HD107616-01,1UG1HD107616-01
1UG1 HD107627-01,1UG1HD107627-01
1UG1 HD107628-01,1UG1HD107628-01
1UG1 HD107631-01,1UG1HD107631-01
1UG1 HD107649-01,1UG1HD107649-01
1UG1 HD107650-01,1UG1HD107650-01
1UG1 HD107653-01,1UG1HD107653-01
1 UG3 DA050942-01A1,1UG3DA050942-01A1
UG3DA051383-01A1,1UG3DA051383-01A1
1 UG3 DA052166-01A1,1UG3DA052166-01A1
1 UG3 DA053123-01,1UG3DA053123-01
1 UG3 DA054799-01,1UG3DA054799-01
UG3HD102038-01,1UG3HD102038-01
3-PL1-HD101059-01S2,3PL1HD101059-01S2
3 R01 DE029951-01S1,3R01DE029951-01S1
HD088325-02A1S1,3R42HD088325-02A1S1
R61DA049382,3R61DA049382-02S2
MH114087-02S1,3U01MH114087-02S1
3 U19 AR076725-01S3,3U19AR076725-01S3
3-U19-AR076734-01S4,3U19AR076734-01S4
3-U24-AR076730-01S1,3U24AR076730-01S1
U24NS113784-01S1,3U24NS113784-01S1
3 U24 NS113844-02S1,3U24NS113844-02S1
U24NS113850-03S1,3U24NS113850-03S1
3-U24-NS114416-01S1,3U24NS114416-01S1
3-U24-NS115678-01S1,3U24NS115678-01S1
3 U24 NS115691-01S1,3U24NS115691-01S1
3 U2C DA050097-03S1,3U2CDA050097-03S1
3 U44 NS115111-01,3U44NS115111-01
UG1-CA-189824-06S1,3UG1CA189824-06S1
DA013714-17S3,3UG1DA013714-18S3
DA013714-17S5,3UG1DA013714-18S5
DA013727-19S1,3UG1DA013727-20S1
DA013727-20S4,3UG1DA013727-20S4
DA013732-19S4,3UG1DA013732-20S2
DA013732-19S3,3UG1DA013732-20S3
DA015831-17S5,3UG1DA015831-18S5
DA015831-18S8,3UG1DA015831-18S8
DA040317-05S2,3UG1DA040317-05S2
3 UG3 CA261067-02S1,3UG3CA261067-02S1
3 UG3 DA048502-01S2,3UG3DA048502-01S2
3 UH3 AR076724-03S1,3UH3AR076724-03S1
3 UH3 AR077360-03S1,3UH3AR077360-03S1
3-UH3-AR077360-03S2,3UH3AR077360-03S2
3-UH3-DA050173-02S1,3UH3DA050173-02S1
3 UH3 DA050174-02S2,3UH3DA050174-02S2
U24HD095254,5U24HD095254-02
U2COD023375,5U2COD023375-04
OT2 NS122680-01,OT2NS122680-01
